{"cameraMode":{"drawMode":0,"name":"Shaded","section":"Shading Mode"},"sceneLighting":false,"audioPlay":false,"sceneViewState":{"showFog":true,"showMaterialUpdate":false,"showSkybox":false,"showFlares":true,"showImageEffects":true,"showParticleSystems":true},"in2DMode":false,"pivot":{"x":30.700000762939454,"y":-18.60000228881836,"z":-11.300000190734864},"rotation":{"x":0.18864476680755616,"y":-0.6235856413841248,"z":0.15856754779815675,"w":0.7418965101242065},"size":150.24522399902345,"orthographic":false}