{"cameraMode":{"drawMode":0,"name":"Shaded","section":"Shading Mode"},"sceneLighting":false,"audioPlay":false,"sceneViewState":{"showFog":true,"showMaterialUpdate":false,"showSkybox":false,"showFlares":true,"showImageEffects":true,"showParticleSystems":true},"in2DMode":false,"pivot":{"x":0.0827014148235321,"y":1.5,"z":0.14525151252746583},"rotation":{"x":-0.04946591705083847,"y":-0.024496302008628846,"z":-0.0011993320658802987,"w":0.998474657535553},"size":4.372830867767334,"orthographic":false}